[{"name": "xkbcommon", "type": "pkgconfig", "version": "1.6.0", "compile_args": [], "link_args": ["/usr/lib/x86_64-linux-gnu/libxkbcommon.so"], "include_directories": [], "sources": [], "extra_files": [], "dependencies": [], "depends": [], "meson_variables": ["dep_xkbcommon"]}, {"name": "wayland-server", "type": "pkgconfig", "version": "1.22.0", "compile_args": [], "link_args": ["/usr/lib/x86_64-linux-gnu/libwayland-server.so"], "include_directories": [], "sources": [], "extra_files": [], "dependencies": [], "depends": [], "meson_variables": ["dep_wayland_server"]}, {"name": "wayland-client", "type": "pkgconfig", "version": "1.22.0", "compile_args": [], "link_args": ["/usr/lib/x86_64-linux-gnu/libwayland-client.so"], "include_directories": [], "sources": [], "extra_files": [], "dependencies": [], "depends": [], "meson_variables": ["dep_wayland_client", "deps_libshared"]}, {"name": "pixman-1", "type": "pkgconfig", "version": "0.42.2", "compile_args": ["-I/usr/include/pixman-1"], "link_args": ["/usr/lib/x86_64-linux-gnu/libpixman-1.so"], "include_directories": [], "sources": [], "extra_files": [], "dependencies": [], "depends": [], "meson_variables": ["dep_pixman"]}, {"name": "libinput", "type": "pkgconfig", "version": "1.25.0", "compile_args": [], "link_args": ["/usr/lib/x86_64-linux-gnu/libinput.so"], "include_directories": [], "sources": [], "extra_files": [], "dependencies": [], "depends": [], "meson_variables": ["dep_libinput"]}, {"name": "libevdev", "type": "pkgconfig", "version": "1.13.1", "compile_args": ["-I/usr/include/libevdev-1.0/"], "link_args": ["/usr/lib/x86_64-linux-gnu/libevdev.so"], "include_directories": [], "sources": [], "extra_files": [], "dependencies": [], "depends": [], "meson_variables": ["dep_libevdev"]}, {"name": "libdrm", "type": "pkgconfig", "version": "2.4.122", "compile_args": ["-I/usr/include/libdrm"], "link_args": ["/usr/lib/x86_64-linux-gnu/libdrm.so"], "include_directories": [], "sources": [], "extra_files": [], "dependencies": [], "depends": [], "meson_variables": ["dep_libdrm", "dep_libdrm_headers"]}, {"name": "threads", "type": "system", "version": "unknown", "compile_args": ["-pthread"], "link_args": ["-pthread"], "include_directories": [], "sources": [], "extra_files": [], "dependencies": [], "depends": [], "meson_variables": ["dep_threads"]}, {"name": "wayland-scanner", "type": "pkgconfig", "version": "1.22.0", "compile_args": [], "link_args": [], "include_directories": [], "sources": [], "extra_files": [], "dependencies": [], "depends": [], "meson_variables": ["dep_scanner"]}, {"name": "wayland-protocols", "type": "pkgconfig", "version": "1.34", "compile_args": [], "link_args": [], "include_directories": [], "sources": [], "extra_files": [], "dependencies": [], "depends": [], "meson_variables": ["dep_wp"]}, {"name": "cairo", "type": "pkgconfig", "version": "1.18.0", "compile_args": ["-I/usr/include/cairo", "-I/usr/include/libpng16", "-I/usr/include/freetype2", "-I/usr/include/pixman-1"], "link_args": ["/usr/lib/x86_64-linux-gnu/libcairo.so"], "include_directories": [], "sources": [], "extra_files": [], "dependencies": [], "depends": [], "meson_variables": []}, {"name": "libpng", "type": "pkgconfig", "version": "1.6.43", "compile_args": ["-I/usr/include/libpng16"], "link_args": ["/usr/lib/x86_64-linux-gnu/libpng16.so"], "include_directories": [], "sources": [], "extra_files": [], "dependencies": [], "depends": [], "meson_variables": []}, {"name": "pango", "type": "pkgconfig", "version": "1.52.1", "compile_args": ["-I/usr/include/pango-1.0", "-I/usr/include/glib-2.0", "-I/usr/lib/x86_64-linux-gnu/glib-2.0/include", "-I/usr/include/harfbuzz", "-I/usr/include/freetype2", "-I/usr/include/libpng16", "-pthread", "-I/usr/include/libmount", "-I/usr/include/blkid", "-I/usr/include/fribidi", "-I/usr/include/cairo", "-I/usr/include/pixman-1"], "link_args": ["/usr/lib/x86_64-linux-gnu/libpango-1.0.so", "/usr/lib/x86_64-linux-gnu/libgobject-2.0.so", "/usr/lib/x86_64-linux-gnu/libglib-2.0.so", "/usr/lib/x86_64-linux-gnu/libharfbuzz.so"], "include_directories": [], "sources": [], "extra_files": [], "dependencies": [], "depends": [], "meson_variables": ["dep_pango"]}, {"name": "pangocairo", "type": "pkgconfig", "version": "1.52.1", "compile_args": ["-I/usr/include/pango-1.0", "-I/usr/include/glib-2.0", "-I/usr/lib/x86_64-linux-gnu/glib-2.0/include", "-I/usr/include/harfbuzz", "-I/usr/include/freetype2", "-I/usr/include/libpng16", "-I/usr/include/libmount", "-I/usr/include/blkid", "-I/usr/include/fribidi", "-I/usr/include/cairo", "-I/usr/include/pixman-1", "-pthread"], "link_args": ["/usr/lib/x86_64-linux-gnu/libpangocairo-1.0.so", "/usr/lib/x86_64-linux-gnu/libpango-1.0.so", "/usr/lib/x86_64-linux-gnu/libgobject-2.0.so", "/usr/lib/x86_64-linux-gnu/libglib-2.0.so", "/usr/lib/x86_64-linux-gnu/libharfbuzz.so", "/usr/lib/x86_64-linux-gnu/libcairo.so"], "include_directories": [], "sources": [], "extra_files": [], "dependencies": [], "depends": [], "meson_variables": ["dep_pangocairo"]}, {"name": "glib-2.0", "type": "pkgconfig", "version": "2.80.0", "compile_args": ["-I/usr/include/glib-2.0", "-I/usr/lib/x86_64-linux-gnu/glib-2.0/include"], "link_args": ["/usr/lib/x86_64-linux-gnu/libglib-2.0.so"], "include_directories": [], "sources": [], "extra_files": [], "dependencies": [], "depends": [], "meson_variables": ["dep_glib"]}, {"name": "libjpeg", "type": "pkgconfig", "version": "2.1.5", "compile_args": [], "link_args": ["/usr/lib/x86_64-linux-gnu/libjpeg.so"], "include_directories": [], "sources": [], "extra_files": [], "dependencies": [], "depends": [], "meson_variables": ["dep_libjpeg"]}, {"name": "libwebp", "type": "pkgconfig", "version": "1.3.2", "compile_args": ["-I/usr/include/webp"], "link_args": ["/usr/lib/x86_64-linux-gnu/libwebp.so"], "include_directories": [], "sources": [], "extra_files": [], "dependencies": [], "depends": [], "meson_variables": ["dep_webp"]}, {"name": "wayland-cursor", "type": "pkgconfig", "version": "1.22.0", "compile_args": [], "link_args": ["/usr/lib/x86_64-linux-gnu/libwayland-cursor.so"], "include_directories": [], "sources": [], "extra_files": [], "dependencies": [], "depends": [], "meson_variables": []}, {"name": "m", "type": "library", "version": "unknown", "compile_args": [], "link_args": ["-lm"], "include_directories": [], "sources": [], "extra_files": [], "dependencies": [], "depends": [], "meson_variables": ["dep_libm"]}, {"name": "dl", "type": "library", "version": "unknown", "compile_args": [], "link_args": ["-ldl"], "include_directories": [], "sources": [], "extra_files": [], "dependencies": [], "depends": [], "meson_variables": ["dep_libdl"]}, {"name": "dep130127485790512", "type": "internal", "version": "6.0.90", "compile_args": [], "link_args": [], "include_directories": [], "sources": [], "extra_files": [], "dependencies": ["wayland-client"], "depends": ["a4d2686@@shared@sta"], "meson_variables": ["dep_libshared"]}, {"name": "dep130127485129104", "type": "internal", "version": "6.0.90", "compile_args": [], "link_args": [], "include_directories": [], "sources": [], "extra_files": [], "dependencies": ["dep130127485790512", "cairo", "libpng", "pixman-1", "m", "pango", "pangocairo", "glib-2.0", "libjpeg", "libwebp"], "depends": ["a4d2686@@cairo-shared@sta"], "meson_variables": ["dep_lib_cairo_shared"]}, {"name": "dep130127484377024", "type": "internal", "version": "6.0.90", "compile_args": [], "link_args": [], "include_directories": [], "sources": [], "extra_files": [], "dependencies": ["wayland-client", "dep130127485129104", "xkbcommon", "wayland-cursor", "util"], "depends": ["8f4d908@@toytoolkit@sta"], "meson_variables": ["dep_toytoolkit"]}]