[{"name": "git-version.h", "id": "git-version.h@cus", "type": "custom", "defined_in": "/home/user/Attention/Weston-keyboard/meson.build", "filename": ["/home/user/Attention/Weston-keyboard/builddir/git-version.h"], "build_by_default": true, "target_sources": [{"language": "unknown", "compiler": ["/usr/bin/meson", "--internal", "vcstagger", "@INPUT0@", "@OUTPUT0@", "6.0.90", "/home/user/Attention/Weston-keyboard", "@VCS_TAG@", "(.*)", " "], "parameters": [], "sources": ["/home/user/Attention/Weston-keyboard/libweston/git-version.h.meson"], "generated_sources": []}], "extra_files": [], "subproject": null, "dependencies": [], "depends": [], "installed": false}, {"name": "input-method-unstable-v1 client-header", "id": "2ea88c7@@input-method-unstable-v1 client-header@cus", "type": "custom", "defined_in": "/home/user/Attention/Weston-keyboard/protocol/meson.build", "filename": ["/home/user/Attention/Weston-keyboard/builddir/protocol/input-method-unstable-v1-client-protocol.h"], "build_by_default": false, "target_sources": [{"language": "unknown", "compiler": ["/usr/bin/wayland-scanner", "client-header", "@INPUT@", "@OUTPUT@"], "parameters": [], "sources": ["//usr/share/wayland-protocols/unstable/input-method/input-method-unstable-v1.xml"], "generated_sources": []}], "extra_files": [], "subproject": null, "dependencies": [], "depends": [], "installed": false}, {"name": "input-method-unstable-v1 server-header", "id": "2ea88c7@@input-method-unstable-v1 server-header@cus", "type": "custom", "defined_in": "/home/user/Attention/Weston-keyboard/protocol/meson.build", "filename": ["/home/user/Attention/Weston-keyboard/builddir/protocol/input-method-unstable-v1-server-protocol.h"], "build_by_default": false, "target_sources": [{"language": "unknown", "compiler": ["/usr/bin/wayland-scanner", "server-header", "@INPUT@", "@OUTPUT@"], "parameters": [], "sources": ["//usr/share/wayland-protocols/unstable/input-method/input-method-unstable-v1.xml"], "generated_sources": []}], "extra_files": [], "subproject": null, "dependencies": [], "depends": [], "installed": false}, {"name": "input-method-unstable-v1 private-code", "id": "2ea88c7@@input-method-unstable-v1 private-code@cus", "type": "custom", "defined_in": "/home/user/Attention/Weston-keyboard/protocol/meson.build", "filename": ["/home/user/Attention/Weston-keyboard/builddir/protocol/input-method-unstable-v1-protocol.c"], "build_by_default": false, "target_sources": [{"language": "unknown", "compiler": ["/usr/bin/wayland-scanner", "private-code", "@INPUT@", "@OUTPUT@"], "parameters": [], "sources": ["//usr/share/wayland-protocols/unstable/input-method/input-method-unstable-v1.xml"], "generated_sources": []}], "extra_files": [], "subproject": null, "dependencies": [], "depends": [], "installed": false}, {"name": "input-method-unstable-v2 client-header", "id": "2ea88c7@@input-method-unstable-v2 client-header@cus", "type": "custom", "defined_in": "/home/user/Attention/Weston-keyboard/protocol/meson.build", "filename": ["/home/user/Attention/Weston-keyboard/builddir/protocol/input-method-unstable-v2-client-protocol.h"], "build_by_default": false, "target_sources": [{"language": "unknown", "compiler": ["/usr/bin/wayland-scanner", "client-header", "@INPUT@", "@OUTPUT@"], "parameters": [], "sources": ["//usr/share/wayland-protocols/unstable/input-method/input-method-unstable-v2.xml"], "generated_sources": []}], "extra_files": [], "subproject": null, "dependencies": [], "depends": [], "installed": false}, {"name": "input-method-unstable-v2 server-header", "id": "2ea88c7@@input-method-unstable-v2 server-header@cus", "type": "custom", "defined_in": "/home/user/Attention/Weston-keyboard/protocol/meson.build", "filename": ["/home/user/Attention/Weston-keyboard/builddir/protocol/input-method-unstable-v2-server-protocol.h"], "build_by_default": false, "target_sources": [{"language": "unknown", "compiler": ["/usr/bin/wayland-scanner", "server-header", "@INPUT@", "@OUTPUT@"], "parameters": [], "sources": ["//usr/share/wayland-protocols/unstable/input-method/input-method-unstable-v2.xml"], "generated_sources": []}], "extra_files": [], "subproject": null, "dependencies": [], "depends": [], "installed": false}, {"name": "input-method-unstable-v2 private-code", "id": "2ea88c7@@input-method-unstable-v2 private-code@cus", "type": "custom", "defined_in": "/home/user/Attention/Weston-keyboard/protocol/meson.build", "filename": ["/home/user/Attention/Weston-keyboard/builddir/protocol/input-method-unstable-v2-protocol.c"], "build_by_default": false, "target_sources": [{"language": "unknown", "compiler": ["/usr/bin/wayland-scanner", "private-code", "@INPUT@", "@OUTPUT@"], "parameters": [], "sources": ["//usr/share/wayland-protocols/unstable/input-method/input-method-unstable-v2.xml"], "generated_sources": []}], "extra_files": [], "subproject": null, "dependencies": [], "depends": [], "installed": false}, {"name": "input-timestamps-unstable-v1 client-header", "id": "2ea88c7@@input-timestamps-unstable-v1 client-header@cus", "type": "custom", "defined_in": "/home/user/Attention/Weston-keyboard/protocol/meson.build", "filename": ["/home/user/Attention/Weston-keyboard/builddir/protocol/input-timestamps-unstable-v1-client-protocol.h"], "build_by_default": false, "target_sources": [{"language": "unknown", "compiler": ["/usr/bin/wayland-scanner", "client-header", "@INPUT@", "@OUTPUT@"], "parameters": [], "sources": ["//usr/share/wayland-protocols/unstable/input-timestamps/input-timestamps-unstable-v1.xml"], "generated_sources": []}], "extra_files": [], "subproject": null, "dependencies": [], "depends": [], "installed": false}, {"name": "input-timestamps-unstable-v1 server-header", "id": "2ea88c7@@input-timestamps-unstable-v1 server-header@cus", "type": "custom", "defined_in": "/home/user/Attention/Weston-keyboard/protocol/meson.build", "filename": ["/home/user/Attention/Weston-keyboard/builddir/protocol/input-timestamps-unstable-v1-server-protocol.h"], "build_by_default": false, "target_sources": [{"language": "unknown", "compiler": ["/usr/bin/wayland-scanner", "server-header", "@INPUT@", "@OUTPUT@"], "parameters": [], "sources": ["//usr/share/wayland-protocols/unstable/input-timestamps/input-timestamps-unstable-v1.xml"], "generated_sources": []}], "extra_files": [], "subproject": null, "dependencies": [], "depends": [], "installed": false}, {"name": "input-timestamps-unstable-v1 private-code", "id": "2ea88c7@@input-timestamps-unstable-v1 private-code@cus", "type": "custom", "defined_in": "/home/user/Attention/Weston-keyboard/protocol/meson.build", "filename": ["/home/user/Attention/Weston-keyboard/builddir/protocol/input-timestamps-unstable-v1-protocol.c"], "build_by_default": false, "target_sources": [{"language": "unknown", "compiler": ["/usr/bin/wayland-scanner", "private-code", "@INPUT@", "@OUTPUT@"], "parameters": [], "sources": ["//usr/share/wayland-protocols/unstable/input-timestamps/input-timestamps-unstable-v1.xml"], "generated_sources": []}], "extra_files": [], "subproject": null, "dependencies": [], "depends": [], "installed": false}, {"name": "ivi-application client-header", "id": "2ea88c7@@ivi-application client-header@cus", "type": "custom", "defined_in": "/home/user/Attention/Weston-keyboard/protocol/meson.build", "filename": ["/home/user/Attention/Weston-keyboard/builddir/protocol/ivi-application-client-protocol.h"], "build_by_default": false, "target_sources": [{"language": "unknown", "compiler": ["/usr/bin/wayland-scanner", "client-header", "@INPUT@", "@OUTPUT@"], "parameters": [], "sources": ["/home/user/Attention/Weston-keyboard/protocol/ivi-application.xml"], "generated_sources": []}], "extra_files": [], "subproject": null, "dependencies": [], "depends": [], "installed": false}, {"name": "ivi-application server-header", "id": "2ea88c7@@ivi-application server-header@cus", "type": "custom", "defined_in": "/home/user/Attention/Weston-keyboard/protocol/meson.build", "filename": ["/home/user/Attention/Weston-keyboard/builddir/protocol/ivi-application-server-protocol.h"], "build_by_default": false, "target_sources": [{"language": "unknown", "compiler": ["/usr/bin/wayland-scanner", "server-header", "@INPUT@", "@OUTPUT@"], "parameters": [], "sources": ["/home/user/Attention/Weston-keyboard/protocol/ivi-application.xml"], "generated_sources": []}], "extra_files": [], "subproject": null, "dependencies": [], "depends": [], "installed": false}, {"name": "ivi-application private-code", "id": "2ea88c7@@ivi-application private-code@cus", "type": "custom", "defined_in": "/home/user/Attention/Weston-keyboard/protocol/meson.build", "filename": ["/home/user/Attention/Weston-keyboard/builddir/protocol/ivi-application-protocol.c"], "build_by_default": false, "target_sources": [{"language": "unknown", "compiler": ["/usr/bin/wayland-scanner", "private-code", "@INPUT@", "@OUTPUT@"], "parameters": [], "sources": ["/home/user/Attention/Weston-keyboard/protocol/ivi-application.xml"], "generated_sources": []}], "extra_files": [], "subproject": null, "dependencies": [], "depends": [], "installed": false}, {"name": "ivi-hmi-controller client-header", "id": "2ea88c7@@ivi-hmi-controller client-header@cus", "type": "custom", "defined_in": "/home/user/Attention/Weston-keyboard/protocol/meson.build", "filename": ["/home/user/Attention/Weston-keyboard/builddir/protocol/ivi-hmi-controller-client-protocol.h"], "build_by_default": false, "target_sources": [{"language": "unknown", "compiler": ["/usr/bin/wayland-scanner", "client-header", "@INPUT@", "@OUTPUT@"], "parameters": [], "sources": ["/home/user/Attention/Weston-keyboard/protocol/ivi-hmi-controller.xml"], "generated_sources": []}], "extra_files": [], "subproject": null, "dependencies": [], "depends": [], "installed": false}, {"name": "ivi-hmi-controller server-header", "id": "2ea88c7@@ivi-hmi-controller server-header@cus", "type": "custom", "defined_in": "/home/user/Attention/Weston-keyboard/protocol/meson.build", "filename": ["/home/user/Attention/Weston-keyboard/builddir/protocol/ivi-hmi-controller-server-protocol.h"], "build_by_default": false, "target_sources": [{"language": "unknown", "compiler": ["/usr/bin/wayland-scanner", "server-header", "@INPUT@", "@OUTPUT@"], "parameters": [], "sources": ["/home/user/Attention/Weston-keyboard/protocol/ivi-hmi-controller.xml"], "generated_sources": []}], "extra_files": [], "subproject": null, "dependencies": [], "depends": [], "installed": false}, {"name": "ivi-hmi-controller private-code", "id": "2ea88c7@@ivi-hmi-controller private-code@cus", "type": "custom", "defined_in": "/home/user/Attention/Weston-keyboard/protocol/meson.build", "filename": ["/home/user/Attention/Weston-keyboard/builddir/protocol/ivi-hmi-controller-protocol.c"], "build_by_default": false, "target_sources": [{"language": "unknown", "compiler": ["/usr/bin/wayland-scanner", "private-code", "@INPUT@", "@OUTPUT@"], "parameters": [], "sources": ["/home/user/Attention/Weston-keyboard/protocol/ivi-hmi-controller.xml"], "generated_sources": []}], "extra_files": [], "subproject": null, "dependencies": [], "depends": [], "installed": false}, {"name": "fullscreen-shell-unstable-v1 client-header", "id": "2ea88c7@@fullscreen-shell-unstable-v1 client-header@cus", "type": "custom", "defined_in": "/home/user/Attention/Weston-keyboard/protocol/meson.build", "filename": ["/home/user/Attention/Weston-keyboard/builddir/protocol/fullscreen-shell-unstable-v1-client-protocol.h"], "build_by_default": false, "target_sources": [{"language": "unknown", "compiler": ["/usr/bin/wayland-scanner", "client-header", "@INPUT@", "@OUTPUT@"], "parameters": [], "sources": ["//usr/share/wayland-protocols/unstable/fullscreen-shell/fullscreen-shell-unstable-v1.xml"], "generated_sources": []}], "extra_files": [], "subproject": null, "dependencies": [], "depends": [], "installed": false}, {"name": "fullscreen-shell-unstable-v1 server-header", "id": "2ea88c7@@fullscreen-shell-unstable-v1 server-header@cus", "type": "custom", "defined_in": "/home/user/Attention/Weston-keyboard/protocol/meson.build", "filename": ["/home/user/Attention/Weston-keyboard/builddir/protocol/fullscreen-shell-unstable-v1-server-protocol.h"], "build_by_default": false, "target_sources": [{"language": "unknown", "compiler": ["/usr/bin/wayland-scanner", "server-header", "@INPUT@", "@OUTPUT@"], "parameters": [], "sources": ["//usr/share/wayland-protocols/unstable/fullscreen-shell/fullscreen-shell-unstable-v1.xml"], "generated_sources": []}], "extra_files": [], "subproject": null, "dependencies": [], "depends": [], "installed": false}, {"name": "fullscreen-shell-unstable-v1 private-code", "id": "2ea88c7@@fullscreen-shell-unstable-v1 private-code@cus", "type": "custom", "defined_in": "/home/user/Attention/Weston-keyboard/protocol/meson.build", "filename": ["/home/user/Attention/Weston-keyboard/builddir/protocol/fullscreen-shell-unstable-v1-protocol.c"], "build_by_default": false, "target_sources": [{"language": "unknown", "compiler": ["/usr/bin/wayland-scanner", "private-code", "@INPUT@", "@OUTPUT@"], "parameters": [], "sources": ["//usr/share/wayland-protocols/unstable/fullscreen-shell/fullscreen-shell-unstable-v1.xml"], "generated_sources": []}], "extra_files": [], "subproject": null, "dependencies": [], "depends": [], "installed": false}, {"name": "linux-dmabuf-unstable-v1 client-header", "id": "2ea88c7@@linux-dmabuf-unstable-v1 client-header@cus", "type": "custom", "defined_in": "/home/user/Attention/Weston-keyboard/protocol/meson.build", "filename": ["/home/user/Attention/Weston-keyboard/builddir/protocol/linux-dmabuf-unstable-v1-client-protocol.h"], "build_by_default": false, "target_sources": [{"language": "unknown", "compiler": ["/usr/bin/wayland-scanner", "client-header", "@INPUT@", "@OUTPUT@"], "parameters": [], "sources": ["//usr/share/wayland-protocols/unstable/linux-dmabuf/linux-dmabuf-unstable-v1.xml"], "generated_sources": []}], "extra_files": [], "subproject": null, "dependencies": [], "depends": [], "installed": false}, {"name": "linux-dmabuf-unstable-v1 server-header", "id": "2ea88c7@@linux-dmabuf-unstable-v1 server-header@cus", "type": "custom", "defined_in": "/home/user/Attention/Weston-keyboard/protocol/meson.build", "filename": ["/home/user/Attention/Weston-keyboard/builddir/protocol/linux-dmabuf-unstable-v1-server-protocol.h"], "build_by_default": false, "target_sources": [{"language": "unknown", "compiler": ["/usr/bin/wayland-scanner", "server-header", "@INPUT@", "@OUTPUT@"], "parameters": [], "sources": ["//usr/share/wayland-protocols/unstable/linux-dmabuf/linux-dmabuf-unstable-v1.xml"], "generated_sources": []}], "extra_files": [], "subproject": null, "dependencies": [], "depends": [], "installed": false}, {"name": "linux-dmabuf-unstable-v1 private-code", "id": "2ea88c7@@linux-dmabuf-unstable-v1 private-code@cus", "type": "custom", "defined_in": "/home/user/Attention/Weston-keyboard/protocol/meson.build", "filename": ["/home/user/Attention/Weston-keyboard/builddir/protocol/linux-dmabuf-unstable-v1-protocol.c"], "build_by_default": false, "target_sources": [{"language": "unknown", "compiler": ["/usr/bin/wayland-scanner", "private-code", "@INPUT@", "@OUTPUT@"], "parameters": [], "sources": ["//usr/share/wayland-protocols/unstable/linux-dmabuf/linux-dmabuf-unstable-v1.xml"], "generated_sources": []}], "extra_files": [], "subproject": null, "dependencies": [], "depends": [], "installed": false}, {"name": "linux-explicit-synchronization-unstable-v1 client-header", "id": "2ea88c7@@linux-explicit-synchronization-unstable-v1 client-header@cus", "type": "custom", "defined_in": "/home/user/Attention/Weston-keyboard/protocol/meson.build", "filename": ["/home/user/Attention/Weston-keyboard/builddir/protocol/linux-explicit-synchronization-unstable-v1-client-protocol.h"], "build_by_default": false, "target_sources": [{"language": "unknown", "compiler": ["/usr/bin/wayland-scanner", "client-header", "@INPUT@", "@OUTPUT@"], "parameters": [], "sources": ["//usr/share/wayland-protocols/unstable/linux-explicit-synchronization/linux-explicit-synchronization-unstable-v1.xml"], "generated_sources": []}], "extra_files": [], "subproject": null, "dependencies": [], "depends": [], "installed": false}, {"name": "linux-explicit-synchronization-unstable-v1 server-header", "id": "2ea88c7@@linux-explicit-synchronization-unstable-v1 server-header@cus", "type": "custom", "defined_in": "/home/user/Attention/Weston-keyboard/protocol/meson.build", "filename": ["/home/user/Attention/Weston-keyboard/builddir/protocol/linux-explicit-synchronization-unstable-v1-server-protocol.h"], "build_by_default": false, "target_sources": [{"language": "unknown", "compiler": ["/usr/bin/wayland-scanner", "server-header", "@INPUT@", "@OUTPUT@"], "parameters": [], "sources": ["//usr/share/wayland-protocols/unstable/linux-explicit-synchronization/linux-explicit-synchronization-unstable-v1.xml"], "generated_sources": []}], "extra_files": [], "subproject": null, "dependencies": [], "depends": [], "installed": false}, {"name": "linux-explicit-synchronization-unstable-v1 private-code", "id": "2ea88c7@@linux-explicit-synchronization-unstable-v1 private-code@cus", "type": "custom", "defined_in": "/home/user/Attention/Weston-keyboard/protocol/meson.build", "filename": ["/home/user/Attention/Weston-keyboard/builddir/protocol/linux-explicit-synchronization-unstable-v1-protocol.c"], "build_by_default": false, "target_sources": [{"language": "unknown", "compiler": ["/usr/bin/wayland-scanner", "private-code", "@INPUT@", "@OUTPUT@"], "parameters": [], "sources": ["//usr/share/wayland-protocols/unstable/linux-explicit-synchronization/linux-explicit-synchronization-unstable-v1.xml"], "generated_sources": []}], "extra_files": [], "subproject": null, "dependencies": [], "depends": [], "installed": false}, {"name": "presentation-time client-header", "id": "2ea88c7@@presentation-time client-header@cus", "type": "custom", "defined_in": "/home/user/Attention/Weston-keyboard/protocol/meson.build", "filename": ["/home/user/Attention/Weston-keyboard/builddir/protocol/presentation-time-client-protocol.h"], "build_by_default": false, "target_sources": [{"language": "unknown", "compiler": ["/usr/bin/wayland-scanner", "client-header", "@INPUT@", "@OUTPUT@"], "parameters": [], "sources": ["//usr/share/wayland-protocols/stable/presentation-time/presentation-time.xml"], "generated_sources": []}], "extra_files": [], "subproject": null, "dependencies": [], "depends": [], "installed": false}, {"name": "presentation-time server-header", "id": "2ea88c7@@presentation-time server-header@cus", "type": "custom", "defined_in": "/home/user/Attention/Weston-keyboard/protocol/meson.build", "filename": ["/home/user/Attention/Weston-keyboard/builddir/protocol/presentation-time-server-protocol.h"], "build_by_default": false, "target_sources": [{"language": "unknown", "compiler": ["/usr/bin/wayland-scanner", "server-header", "@INPUT@", "@OUTPUT@"], "parameters": [], "sources": ["//usr/share/wayland-protocols/stable/presentation-time/presentation-time.xml"], "generated_sources": []}], "extra_files": [], "subproject": null, "dependencies": [], "depends": [], "installed": false}, {"name": "presentation-time private-code", "id": "2ea88c7@@presentation-time private-code@cus", "type": "custom", "defined_in": "/home/user/Attention/Weston-keyboard/protocol/meson.build", "filename": ["/home/user/Attention/Weston-keyboard/builddir/protocol/presentation-time-protocol.c"], "build_by_default": false, "target_sources": [{"language": "unknown", "compiler": ["/usr/bin/wayland-scanner", "private-code", "@INPUT@", "@OUTPUT@"], "parameters": [], "sources": ["//usr/share/wayland-protocols/stable/presentation-time/presentation-time.xml"], "generated_sources": []}], "extra_files": [], "subproject": null, "dependencies": [], "depends": [], "installed": false}, {"name": "pointer-constraints-unstable-v1 client-header", "id": "2ea88c7@@pointer-constraints-unstable-v1 client-header@cus", "type": "custom", "defined_in": "/home/user/Attention/Weston-keyboard/protocol/meson.build", "filename": ["/home/user/Attention/Weston-keyboard/builddir/protocol/pointer-constraints-unstable-v1-client-protocol.h"], "build_by_default": false, "target_sources": [{"language": "unknown", "compiler": ["/usr/bin/wayland-scanner", "client-header", "@INPUT@", "@OUTPUT@"], "parameters": [], "sources": ["//usr/share/wayland-protocols/unstable/pointer-constraints/pointer-constraints-unstable-v1.xml"], "generated_sources": []}], "extra_files": [], "subproject": null, "dependencies": [], "depends": [], "installed": false}, {"name": "pointer-constraints-unstable-v1 server-header", "id": "2ea88c7@@pointer-constraints-unstable-v1 server-header@cus", "type": "custom", "defined_in": "/home/user/Attention/Weston-keyboard/protocol/meson.build", "filename": ["/home/user/Attention/Weston-keyboard/builddir/protocol/pointer-constraints-unstable-v1-server-protocol.h"], "build_by_default": false, "target_sources": [{"language": "unknown", "compiler": ["/usr/bin/wayland-scanner", "server-header", "@INPUT@", "@OUTPUT@"], "parameters": [], "sources": ["//usr/share/wayland-protocols/unstable/pointer-constraints/pointer-constraints-unstable-v1.xml"], "generated_sources": []}], "extra_files": [], "subproject": null, "dependencies": [], "depends": [], "installed": false}, {"name": "pointer-constraints-unstable-v1 private-code", "id": "2ea88c7@@pointer-constraints-unstable-v1 private-code@cus", "type": "custom", "defined_in": "/home/user/Attention/Weston-keyboard/protocol/meson.build", "filename": ["/home/user/Attention/Weston-keyboard/builddir/protocol/pointer-constraints-unstable-v1-protocol.c"], "build_by_default": false, "target_sources": [{"language": "unknown", "compiler": ["/usr/bin/wayland-scanner", "private-code", "@INPUT@", "@OUTPUT@"], "parameters": [], "sources": ["//usr/share/wayland-protocols/unstable/pointer-constraints/pointer-constraints-unstable-v1.xml"], "generated_sources": []}], "extra_files": [], "subproject": null, "dependencies": [], "depends": [], "installed": false}, {"name": "relative-pointer-unstable-v1 client-header", "id": "2ea88c7@@relative-pointer-unstable-v1 client-header@cus", "type": "custom", "defined_in": "/home/user/Attention/Weston-keyboard/protocol/meson.build", "filename": ["/home/user/Attention/Weston-keyboard/builddir/protocol/relative-pointer-unstable-v1-client-protocol.h"], "build_by_default": false, "target_sources": [{"language": "unknown", "compiler": ["/usr/bin/wayland-scanner", "client-header", "@INPUT@", "@OUTPUT@"], "parameters": [], "sources": ["//usr/share/wayland-protocols/unstable/relative-pointer/relative-pointer-unstable-v1.xml"], "generated_sources": []}], "extra_files": [], "subproject": null, "dependencies": [], "depends": [], "installed": false}, {"name": "relative-pointer-unstable-v1 server-header", "id": "2ea88c7@@relative-pointer-unstable-v1 server-header@cus", "type": "custom", "defined_in": "/home/user/Attention/Weston-keyboard/protocol/meson.build", "filename": ["/home/user/Attention/Weston-keyboard/builddir/protocol/relative-pointer-unstable-v1-server-protocol.h"], "build_by_default": false, "target_sources": [{"language": "unknown", "compiler": ["/usr/bin/wayland-scanner", "server-header", "@INPUT@", "@OUTPUT@"], "parameters": [], "sources": ["//usr/share/wayland-protocols/unstable/relative-pointer/relative-pointer-unstable-v1.xml"], "generated_sources": []}], "extra_files": [], "subproject": null, "dependencies": [], "depends": [], "installed": false}, {"name": "relative-pointer-unstable-v1 private-code", "id": "2ea88c7@@relative-pointer-unstable-v1 private-code@cus", "type": "custom", "defined_in": "/home/user/Attention/Weston-keyboard/protocol/meson.build", "filename": ["/home/user/Attention/Weston-keyboard/builddir/protocol/relative-pointer-unstable-v1-protocol.c"], "build_by_default": false, "target_sources": [{"language": "unknown", "compiler": ["/usr/bin/wayland-scanner", "private-code", "@INPUT@", "@OUTPUT@"], "parameters": [], "sources": ["//usr/share/wayland-protocols/unstable/relative-pointer/relative-pointer-unstable-v1.xml"], "generated_sources": []}], "extra_files": [], "subproject": null, "dependencies": [], "depends": [], "installed": false}, {"name": "tablet-unstable-v2 client-header", "id": "2ea88c7@@tablet-unstable-v2 client-header@cus", "type": "custom", "defined_in": "/home/user/Attention/Weston-keyboard/protocol/meson.build", "filename": ["/home/user/Attention/Weston-keyboard/builddir/protocol/tablet-unstable-v2-client-protocol.h"], "build_by_default": false, "target_sources": [{"language": "unknown", "compiler": ["/usr/bin/wayland-scanner", "client-header", "@INPUT@", "@OUTPUT@"], "parameters": [], "sources": ["//usr/share/wayland-protocols/unstable/tablet/tablet-unstable-v2.xml"], "generated_sources": []}], "extra_files": [], "subproject": null, "dependencies": [], "depends": [], "installed": false}, {"name": "tablet-unstable-v2 server-header", "id": "2ea88c7@@tablet-unstable-v2 server-header@cus", "type": "custom", "defined_in": "/home/user/Attention/Weston-keyboard/protocol/meson.build", "filename": ["/home/user/Attention/Weston-keyboard/builddir/protocol/tablet-unstable-v2-server-protocol.h"], "build_by_default": false, "target_sources": [{"language": "unknown", "compiler": ["/usr/bin/wayland-scanner", "server-header", "@INPUT@", "@OUTPUT@"], "parameters": [], "sources": ["//usr/share/wayland-protocols/unstable/tablet/tablet-unstable-v2.xml"], "generated_sources": []}], "extra_files": [], "subproject": null, "dependencies": [], "depends": [], "installed": false}, {"name": "tablet-unstable-v2 private-code", "id": "2ea88c7@@tablet-unstable-v2 private-code@cus", "type": "custom", "defined_in": "/home/user/Attention/Weston-keyboard/protocol/meson.build", "filename": ["/home/user/Attention/Weston-keyboard/builddir/protocol/tablet-unstable-v2-protocol.c"], "build_by_default": false, "target_sources": [{"language": "unknown", "compiler": ["/usr/bin/wayland-scanner", "private-code", "@INPUT@", "@OUTPUT@"], "parameters": [], "sources": ["//usr/share/wayland-protocols/unstable/tablet/tablet-unstable-v2.xml"], "generated_sources": []}], "extra_files": [], "subproject": null, "dependencies": [], "depends": [], "installed": false}, {"name": "text-cursor-position client-header", "id": "2ea88c7@@text-cursor-position client-header@cus", "type": "custom", "defined_in": "/home/user/Attention/Weston-keyboard/protocol/meson.build", "filename": ["/home/user/Attention/Weston-keyboard/builddir/protocol/text-cursor-position-client-protocol.h"], "build_by_default": false, "target_sources": [{"language": "unknown", "compiler": ["/usr/bin/wayland-scanner", "client-header", "@INPUT@", "@OUTPUT@"], "parameters": [], "sources": ["/home/user/Attention/Weston-keyboard/protocol/text-cursor-position.xml"], "generated_sources": []}], "extra_files": [], "subproject": null, "dependencies": [], "depends": [], "installed": false}, {"name": "text-cursor-position server-header", "id": "2ea88c7@@text-cursor-position server-header@cus", "type": "custom", "defined_in": "/home/user/Attention/Weston-keyboard/protocol/meson.build", "filename": ["/home/user/Attention/Weston-keyboard/builddir/protocol/text-cursor-position-server-protocol.h"], "build_by_default": false, "target_sources": [{"language": "unknown", "compiler": ["/usr/bin/wayland-scanner", "server-header", "@INPUT@", "@OUTPUT@"], "parameters": [], "sources": ["/home/user/Attention/Weston-keyboard/protocol/text-cursor-position.xml"], "generated_sources": []}], "extra_files": [], "subproject": null, "dependencies": [], "depends": [], "installed": false}, {"name": "text-cursor-position private-code", "id": "2ea88c7@@text-cursor-position private-code@cus", "type": "custom", "defined_in": "/home/user/Attention/Weston-keyboard/protocol/meson.build", "filename": ["/home/user/Attention/Weston-keyboard/builddir/protocol/text-cursor-position-protocol.c"], "build_by_default": false, "target_sources": [{"language": "unknown", "compiler": ["/usr/bin/wayland-scanner", "private-code", "@INPUT@", "@OUTPUT@"], "parameters": [], "sources": ["/home/user/Attention/Weston-keyboard/protocol/text-cursor-position.xml"], "generated_sources": []}], "extra_files": [], "subproject": null, "dependencies": [], "depends": [], "installed": false}, {"name": "text-input-unstable-v1 client-header", "id": "2ea88c7@@text-input-unstable-v1 client-header@cus", "type": "custom", "defined_in": "/home/user/Attention/Weston-keyboard/protocol/meson.build", "filename": ["/home/user/Attention/Weston-keyboard/builddir/protocol/text-input-unstable-v1-client-protocol.h"], "build_by_default": false, "target_sources": [{"language": "unknown", "compiler": ["/usr/bin/wayland-scanner", "client-header", "@INPUT@", "@OUTPUT@"], "parameters": [], "sources": ["//usr/share/wayland-protocols/unstable/text-input/text-input-unstable-v1.xml"], "generated_sources": []}], "extra_files": [], "subproject": null, "dependencies": [], "depends": [], "installed": false}, {"name": "text-input-unstable-v1 server-header", "id": "2ea88c7@@text-input-unstable-v1 server-header@cus", "type": "custom", "defined_in": "/home/user/Attention/Weston-keyboard/protocol/meson.build", "filename": ["/home/user/Attention/Weston-keyboard/builddir/protocol/text-input-unstable-v1-server-protocol.h"], "build_by_default": false, "target_sources": [{"language": "unknown", "compiler": ["/usr/bin/wayland-scanner", "server-header", "@INPUT@", "@OUTPUT@"], "parameters": [], "sources": ["//usr/share/wayland-protocols/unstable/text-input/text-input-unstable-v1.xml"], "generated_sources": []}], "extra_files": [], "subproject": null, "dependencies": [], "depends": [], "installed": false}, {"name": "text-input-unstable-v1 private-code", "id": "2ea88c7@@text-input-unstable-v1 private-code@cus", "type": "custom", "defined_in": "/home/user/Attention/Weston-keyboard/protocol/meson.build", "filename": ["/home/user/Attention/Weston-keyboard/builddir/protocol/text-input-unstable-v1-protocol.c"], "build_by_default": false, "target_sources": [{"language": "unknown", "compiler": ["/usr/bin/wayland-scanner", "private-code", "@INPUT@", "@OUTPUT@"], "parameters": [], "sources": ["//usr/share/wayland-protocols/unstable/text-input/text-input-unstable-v1.xml"], "generated_sources": []}], "extra_files": [], "subproject": null, "dependencies": [], "depends": [], "installed": false}, {"name": "text-input-unstable-v3 client-header", "id": "2ea88c7@@text-input-unstable-v3 client-header@cus", "type": "custom", "defined_in": "/home/user/Attention/Weston-keyboard/protocol/meson.build", "filename": ["/home/user/Attention/Weston-keyboard/builddir/protocol/text-input-unstable-v3-client-protocol.h"], "build_by_default": false, "target_sources": [{"language": "unknown", "compiler": ["/usr/bin/wayland-scanner", "client-header", "@INPUT@", "@OUTPUT@"], "parameters": [], "sources": ["//usr/share/wayland-protocols/unstable/text-input/text-input-unstable-v3.xml"], "generated_sources": []}], "extra_files": [], "subproject": null, "dependencies": [], "depends": [], "installed": false}, {"name": "text-input-unstable-v3 server-header", "id": "2ea88c7@@text-input-unstable-v3 server-header@cus", "type": "custom", "defined_in": "/home/user/Attention/Weston-keyboard/protocol/meson.build", "filename": ["/home/user/Attention/Weston-keyboard/builddir/protocol/text-input-unstable-v3-server-protocol.h"], "build_by_default": false, "target_sources": [{"language": "unknown", "compiler": ["/usr/bin/wayland-scanner", "server-header", "@INPUT@", "@OUTPUT@"], "parameters": [], "sources": ["//usr/share/wayland-protocols/unstable/text-input/text-input-unstable-v3.xml"], "generated_sources": []}], "extra_files": [], "subproject": null, "dependencies": [], "depends": [], "installed": false}, {"name": "text-input-unstable-v3 private-code", "id": "2ea88c7@@text-input-unstable-v3 private-code@cus", "type": "custom", "defined_in": "/home/user/Attention/Weston-keyboard/protocol/meson.build", "filename": ["/home/user/Attention/Weston-keyboard/builddir/protocol/text-input-unstable-v3-protocol.c"], "build_by_default": false, "target_sources": [{"language": "unknown", "compiler": ["/usr/bin/wayland-scanner", "private-code", "@INPUT@", "@OUTPUT@"], "parameters": [], "sources": ["//usr/share/wayland-protocols/unstable/text-input/text-input-unstable-v3.xml"], "generated_sources": []}], "extra_files": [], "subproject": null, "dependencies": [], "depends": [], "installed": false}, {"name": "viewporter client-header", "id": "2ea88c7@@viewporter client-header@cus", "type": "custom", "defined_in": "/home/user/Attention/Weston-keyboard/protocol/meson.build", "filename": ["/home/user/Attention/Weston-keyboard/builddir/protocol/viewporter-client-protocol.h"], "build_by_default": false, "target_sources": [{"language": "unknown", "compiler": ["/usr/bin/wayland-scanner", "client-header", "@INPUT@", "@OUTPUT@"], "parameters": [], "sources": ["//usr/share/wayland-protocols/stable/viewporter/viewporter.xml"], "generated_sources": []}], "extra_files": [], "subproject": null, "dependencies": [], "depends": [], "installed": false}, {"name": "viewporter server-header", "id": "2ea88c7@@viewporter server-header@cus", "type": "custom", "defined_in": "/home/user/Attention/Weston-keyboard/protocol/meson.build", "filename": ["/home/user/Attention/Weston-keyboard/builddir/protocol/viewporter-server-protocol.h"], "build_by_default": false, "target_sources": [{"language": "unknown", "compiler": ["/usr/bin/wayland-scanner", "server-header", "@INPUT@", "@OUTPUT@"], "parameters": [], "sources": ["//usr/share/wayland-protocols/stable/viewporter/viewporter.xml"], "generated_sources": []}], "extra_files": [], "subproject": null, "dependencies": [], "depends": [], "installed": false}, {"name": "viewporter private-code", "id": "2ea88c7@@viewporter private-code@cus", "type": "custom", "defined_in": "/home/user/Attention/Weston-keyboard/protocol/meson.build", "filename": ["/home/user/Attention/Weston-keyboard/builddir/protocol/viewporter-protocol.c"], "build_by_default": false, "target_sources": [{"language": "unknown", "compiler": ["/usr/bin/wayland-scanner", "private-code", "@INPUT@", "@OUTPUT@"], "parameters": [], "sources": ["//usr/share/wayland-protocols/stable/viewporter/viewporter.xml"], "generated_sources": []}], "extra_files": [], "subproject": null, "dependencies": [], "depends": [], "installed": false}, {"name": "virtual-keyboard-unstable-v1 client-header", "id": "2ea88c7@@virtual-keyboard-unstable-v1 client-header@cus", "type": "custom", "defined_in": "/home/user/Attention/Weston-keyboard/protocol/meson.build", "filename": ["/home/user/Attention/Weston-keyboard/builddir/protocol/virtual-keyboard-unstable-v1-client-protocol.h"], "build_by_default": false, "target_sources": [{"language": "unknown", "compiler": ["/usr/bin/wayland-scanner", "client-header", "@INPUT@", "@OUTPUT@"], "parameters": [], "sources": ["//usr/share/wayland-protocols/unstable/virtual-keyboard/virtual-keyboard-unstable-v1.xml"], "generated_sources": []}], "extra_files": [], "subproject": null, "dependencies": [], "depends": [], "installed": false}, {"name": "virtual-keyboard-unstable-v1 server-header", "id": "2ea88c7@@virtual-keyboard-unstable-v1 server-header@cus", "type": "custom", "defined_in": "/home/user/Attention/Weston-keyboard/protocol/meson.build", "filename": ["/home/user/Attention/Weston-keyboard/builddir/protocol/virtual-keyboard-unstable-v1-server-protocol.h"], "build_by_default": false, "target_sources": [{"language": "unknown", "compiler": ["/usr/bin/wayland-scanner", "server-header", "@INPUT@", "@OUTPUT@"], "parameters": [], "sources": ["//usr/share/wayland-protocols/unstable/virtual-keyboard/virtual-keyboard-unstable-v1.xml"], "generated_sources": []}], "extra_files": [], "subproject": null, "dependencies": [], "depends": [], "installed": false}, {"name": "virtual-keyboard-unstable-v1 private-code", "id": "2ea88c7@@virtual-keyboard-unstable-v1 private-code@cus", "type": "custom", "defined_in": "/home/user/Attention/Weston-keyboard/protocol/meson.build", "filename": ["/home/user/Attention/Weston-keyboard/builddir/protocol/virtual-keyboard-unstable-v1-protocol.c"], "build_by_default": false, "target_sources": [{"language": "unknown", "compiler": ["/usr/bin/wayland-scanner", "private-code", "@INPUT@", "@OUTPUT@"], "parameters": [], "sources": ["//usr/share/wayland-protocols/unstable/virtual-keyboard/virtual-keyboard-unstable-v1.xml"], "generated_sources": []}], "extra_files": [], "subproject": null, "dependencies": [], "depends": [], "installed": false}, {"name": "weston-debug client-header", "id": "2ea88c7@@weston-debug client-header@cus", "type": "custom", "defined_in": "/home/user/Attention/Weston-keyboard/protocol/meson.build", "filename": ["/home/user/Attention/Weston-keyboard/builddir/protocol/weston-debug-client-protocol.h"], "build_by_default": false, "target_sources": [{"language": "unknown", "compiler": ["/usr/bin/wayland-scanner", "client-header", "@INPUT@", "@OUTPUT@"], "parameters": [], "sources": ["/home/user/Attention/Weston-keyboard/protocol/weston-debug.xml"], "generated_sources": []}], "extra_files": [], "subproject": null, "dependencies": [], "depends": [], "installed": false}, {"name": "weston-debug server-header", "id": "2ea88c7@@weston-debug server-header@cus", "type": "custom", "defined_in": "/home/user/Attention/Weston-keyboard/protocol/meson.build", "filename": ["/home/user/Attention/Weston-keyboard/builddir/protocol/weston-debug-server-protocol.h"], "build_by_default": false, "target_sources": [{"language": "unknown", "compiler": ["/usr/bin/wayland-scanner", "server-header", "@INPUT@", "@OUTPUT@"], "parameters": [], "sources": ["/home/user/Attention/Weston-keyboard/protocol/weston-debug.xml"], "generated_sources": []}], "extra_files": [], "subproject": null, "dependencies": [], "depends": [], "installed": false}, {"name": "weston-debug private-code", "id": "2ea88c7@@weston-debug private-code@cus", "type": "custom", "defined_in": "/home/user/Attention/Weston-keyboard/protocol/meson.build", "filename": ["/home/user/Attention/Weston-keyboard/builddir/protocol/weston-debug-protocol.c"], "build_by_default": false, "target_sources": [{"language": "unknown", "compiler": ["/usr/bin/wayland-scanner", "private-code", "@INPUT@", "@OUTPUT@"], "parameters": [], "sources": ["/home/user/Attention/Weston-keyboard/protocol/weston-debug.xml"], "generated_sources": []}], "extra_files": [], "subproject": null, "dependencies": [], "depends": [], "installed": false}, {"name": "weston-desktop-shell client-header", "id": "2ea88c7@@weston-desktop-shell client-header@cus", "type": "custom", "defined_in": "/home/user/Attention/Weston-keyboard/protocol/meson.build", "filename": ["/home/user/Attention/Weston-keyboard/builddir/protocol/weston-desktop-shell-client-protocol.h"], "build_by_default": false, "target_sources": [{"language": "unknown", "compiler": ["/usr/bin/wayland-scanner", "client-header", "@INPUT@", "@OUTPUT@"], "parameters": [], "sources": ["/home/user/Attention/Weston-keyboard/protocol/weston-desktop-shell.xml"], "generated_sources": []}], "extra_files": [], "subproject": null, "dependencies": [], "depends": [], "installed": false}, {"name": "weston-desktop-shell server-header", "id": "2ea88c7@@weston-desktop-shell server-header@cus", "type": "custom", "defined_in": "/home/user/Attention/Weston-keyboard/protocol/meson.build", "filename": ["/home/user/Attention/Weston-keyboard/builddir/protocol/weston-desktop-shell-server-protocol.h"], "build_by_default": false, "target_sources": [{"language": "unknown", "compiler": ["/usr/bin/wayland-scanner", "server-header", "@INPUT@", "@OUTPUT@"], "parameters": [], "sources": ["/home/user/Attention/Weston-keyboard/protocol/weston-desktop-shell.xml"], "generated_sources": []}], "extra_files": [], "subproject": null, "dependencies": [], "depends": [], "installed": false}, {"name": "weston-desktop-shell private-code", "id": "2ea88c7@@weston-desktop-shell private-code@cus", "type": "custom", "defined_in": "/home/user/Attention/Weston-keyboard/protocol/meson.build", "filename": ["/home/user/Attention/Weston-keyboard/builddir/protocol/weston-desktop-shell-protocol.c"], "build_by_default": false, "target_sources": [{"language": "unknown", "compiler": ["/usr/bin/wayland-scanner", "private-code", "@INPUT@", "@OUTPUT@"], "parameters": [], "sources": ["/home/user/Attention/Weston-keyboard/protocol/weston-desktop-shell.xml"], "generated_sources": []}], "extra_files": [], "subproject": null, "dependencies": [], "depends": [], "installed": false}, {"name": "weston-input-panel client-header", "id": "2ea88c7@@weston-input-panel client-header@cus", "type": "custom", "defined_in": "/home/user/Attention/Weston-keyboard/protocol/meson.build", "filename": ["/home/user/Attention/Weston-keyboard/builddir/protocol/weston-input-panel-client-protocol.h"], "build_by_default": false, "target_sources": [{"language": "unknown", "compiler": ["/usr/bin/wayland-scanner", "client-header", "@INPUT@", "@OUTPUT@"], "parameters": [], "sources": ["/home/user/Attention/Weston-keyboard/protocol/weston-input-panel.xml"], "generated_sources": []}], "extra_files": [], "subproject": null, "dependencies": [], "depends": [], "installed": false}, {"name": "weston-input-panel server-header", "id": "2ea88c7@@weston-input-panel server-header@cus", "type": "custom", "defined_in": "/home/user/Attention/Weston-keyboard/protocol/meson.build", "filename": ["/home/user/Attention/Weston-keyboard/builddir/protocol/weston-input-panel-server-protocol.h"], "build_by_default": false, "target_sources": [{"language": "unknown", "compiler": ["/usr/bin/wayland-scanner", "server-header", "@INPUT@", "@OUTPUT@"], "parameters": [], "sources": ["/home/user/Attention/Weston-keyboard/protocol/weston-input-panel.xml"], "generated_sources": []}], "extra_files": [], "subproject": null, "dependencies": [], "depends": [], "installed": false}, {"name": "weston-input-panel private-code", "id": "2ea88c7@@weston-input-panel private-code@cus", "type": "custom", "defined_in": "/home/user/Attention/Weston-keyboard/protocol/meson.build", "filename": ["/home/user/Attention/Weston-keyboard/builddir/protocol/weston-input-panel-protocol.c"], "build_by_default": false, "target_sources": [{"language": "unknown", "compiler": ["/usr/bin/wayland-scanner", "private-code", "@INPUT@", "@OUTPUT@"], "parameters": [], "sources": ["/home/user/Attention/Weston-keyboard/protocol/weston-input-panel.xml"], "generated_sources": []}], "extra_files": [], "subproject": null, "dependencies": [], "depends": [], "installed": false}, {"name": "weston-screenshooter client-header", "id": "2ea88c7@@weston-screenshooter client-header@cus", "type": "custom", "defined_in": "/home/user/Attention/Weston-keyboard/protocol/meson.build", "filename": ["/home/user/Attention/Weston-keyboard/builddir/protocol/weston-screenshooter-client-protocol.h"], "build_by_default": false, "target_sources": [{"language": "unknown", "compiler": ["/usr/bin/wayland-scanner", "client-header", "@INPUT@", "@OUTPUT@"], "parameters": [], "sources": ["/home/user/Attention/Weston-keyboard/protocol/weston-screenshooter.xml"], "generated_sources": []}], "extra_files": [], "subproject": null, "dependencies": [], "depends": [], "installed": false}, {"name": "weston-screenshooter server-header", "id": "2ea88c7@@weston-screenshooter server-header@cus", "type": "custom", "defined_in": "/home/user/Attention/Weston-keyboard/protocol/meson.build", "filename": ["/home/user/Attention/Weston-keyboard/builddir/protocol/weston-screenshooter-server-protocol.h"], "build_by_default": false, "target_sources": [{"language": "unknown", "compiler": ["/usr/bin/wayland-scanner", "server-header", "@INPUT@", "@OUTPUT@"], "parameters": [], "sources": ["/home/user/Attention/Weston-keyboard/protocol/weston-screenshooter.xml"], "generated_sources": []}], "extra_files": [], "subproject": null, "dependencies": [], "depends": [], "installed": false}, {"name": "weston-screenshooter private-code", "id": "2ea88c7@@weston-screenshooter private-code@cus", "type": "custom", "defined_in": "/home/user/Attention/Weston-keyboard/protocol/meson.build", "filename": ["/home/user/Attention/Weston-keyboard/builddir/protocol/weston-screenshooter-protocol.c"], "build_by_default": false, "target_sources": [{"language": "unknown", "compiler": ["/usr/bin/wayland-scanner", "private-code", "@INPUT@", "@OUTPUT@"], "parameters": [], "sources": ["/home/user/Attention/Weston-keyboard/protocol/weston-screenshooter.xml"], "generated_sources": []}], "extra_files": [], "subproject": null, "dependencies": [], "depends": [], "installed": false}, {"name": "weston-test client-header", "id": "2ea88c7@@weston-test client-header@cus", "type": "custom", "defined_in": "/home/user/Attention/Weston-keyboard/protocol/meson.build", "filename": ["/home/user/Attention/Weston-keyboard/builddir/protocol/weston-test-client-protocol.h"], "build_by_default": false, "target_sources": [{"language": "unknown", "compiler": ["/usr/bin/wayland-scanner", "client-header", "@INPUT@", "@OUTPUT@"], "parameters": [], "sources": ["/home/user/Attention/Weston-keyboard/protocol/weston-test.xml"], "generated_sources": []}], "extra_files": [], "subproject": null, "dependencies": [], "depends": [], "installed": false}, {"name": "weston-test server-header", "id": "2ea88c7@@weston-test server-header@cus", "type": "custom", "defined_in": "/home/user/Attention/Weston-keyboard/protocol/meson.build", "filename": ["/home/user/Attention/Weston-keyboard/builddir/protocol/weston-test-server-protocol.h"], "build_by_default": false, "target_sources": [{"language": "unknown", "compiler": ["/usr/bin/wayland-scanner", "server-header", "@INPUT@", "@OUTPUT@"], "parameters": [], "sources": ["/home/user/Attention/Weston-keyboard/protocol/weston-test.xml"], "generated_sources": []}], "extra_files": [], "subproject": null, "dependencies": [], "depends": [], "installed": false}, {"name": "weston-test private-code", "id": "2ea88c7@@weston-test private-code@cus", "type": "custom", "defined_in": "/home/user/Attention/Weston-keyboard/protocol/meson.build", "filename": ["/home/user/Attention/Weston-keyboard/builddir/protocol/weston-test-protocol.c"], "build_by_default": false, "target_sources": [{"language": "unknown", "compiler": ["/usr/bin/wayland-scanner", "private-code", "@INPUT@", "@OUTPUT@"], "parameters": [], "sources": ["/home/user/Attention/Weston-keyboard/protocol/weston-test.xml"], "generated_sources": []}], "extra_files": [], "subproject": null, "dependencies": [], "depends": [], "installed": false}, {"name": "weston-touch-calibration client-header", "id": "2ea88c7@@weston-touch-calibration client-header@cus", "type": "custom", "defined_in": "/home/user/Attention/Weston-keyboard/protocol/meson.build", "filename": ["/home/user/Attention/Weston-keyboard/builddir/protocol/weston-touch-calibration-client-protocol.h"], "build_by_default": false, "target_sources": [{"language": "unknown", "compiler": ["/usr/bin/wayland-scanner", "client-header", "@INPUT@", "@OUTPUT@"], "parameters": [], "sources": ["/home/user/Attention/Weston-keyboard/protocol/weston-touch-calibration.xml"], "generated_sources": []}], "extra_files": [], "subproject": null, "dependencies": [], "depends": [], "installed": false}, {"name": "weston-touch-calibration server-header", "id": "2ea88c7@@weston-touch-calibration server-header@cus", "type": "custom", "defined_in": "/home/user/Attention/Weston-keyboard/protocol/meson.build", "filename": ["/home/user/Attention/Weston-keyboard/builddir/protocol/weston-touch-calibration-server-protocol.h"], "build_by_default": false, "target_sources": [{"language": "unknown", "compiler": ["/usr/bin/wayland-scanner", "server-header", "@INPUT@", "@OUTPUT@"], "parameters": [], "sources": ["/home/user/Attention/Weston-keyboard/protocol/weston-touch-calibration.xml"], "generated_sources": []}], "extra_files": [], "subproject": null, "dependencies": [], "depends": [], "installed": false}, {"name": "weston-touch-calibration private-code", "id": "2ea88c7@@weston-touch-calibration private-code@cus", "type": "custom", "defined_in": "/home/user/Attention/Weston-keyboard/protocol/meson.build", "filename": ["/home/user/Attention/Weston-keyboard/builddir/protocol/weston-touch-calibration-protocol.c"], "build_by_default": false, "target_sources": [{"language": "unknown", "compiler": ["/usr/bin/wayland-scanner", "private-code", "@INPUT@", "@OUTPUT@"], "parameters": [], "sources": ["/home/user/Attention/Weston-keyboard/protocol/weston-touch-calibration.xml"], "generated_sources": []}], "extra_files": [], "subproject": null, "dependencies": [], "depends": [], "installed": false}, {"name": "xdg-output-unstable-v1 client-header", "id": "2ea88c7@@xdg-output-unstable-v1 client-header@cus", "type": "custom", "defined_in": "/home/user/Attention/Weston-keyboard/protocol/meson.build", "filename": ["/home/user/Attention/Weston-keyboard/builddir/protocol/xdg-output-unstable-v1-client-protocol.h"], "build_by_default": false, "target_sources": [{"language": "unknown", "compiler": ["/usr/bin/wayland-scanner", "client-header", "@INPUT@", "@OUTPUT@"], "parameters": [], "sources": ["//usr/share/wayland-protocols/unstable/xdg-output/xdg-output-unstable-v1.xml"], "generated_sources": []}], "extra_files": [], "subproject": null, "dependencies": [], "depends": [], "installed": false}, {"name": "xdg-output-unstable-v1 server-header", "id": "2ea88c7@@xdg-output-unstable-v1 server-header@cus", "type": "custom", "defined_in": "/home/user/Attention/Weston-keyboard/protocol/meson.build", "filename": ["/home/user/Attention/Weston-keyboard/builddir/protocol/xdg-output-unstable-v1-server-protocol.h"], "build_by_default": false, "target_sources": [{"language": "unknown", "compiler": ["/usr/bin/wayland-scanner", "server-header", "@INPUT@", "@OUTPUT@"], "parameters": [], "sources": ["//usr/share/wayland-protocols/unstable/xdg-output/xdg-output-unstable-v1.xml"], "generated_sources": []}], "extra_files": [], "subproject": null, "dependencies": [], "depends": [], "installed": false}, {"name": "xdg-output-unstable-v1 private-code", "id": "2ea88c7@@xdg-output-unstable-v1 private-code@cus", "type": "custom", "defined_in": "/home/user/Attention/Weston-keyboard/protocol/meson.build", "filename": ["/home/user/Attention/Weston-keyboard/builddir/protocol/xdg-output-unstable-v1-protocol.c"], "build_by_default": false, "target_sources": [{"language": "unknown", "compiler": ["/usr/bin/wayland-scanner", "private-code", "@INPUT@", "@OUTPUT@"], "parameters": [], "sources": ["//usr/share/wayland-protocols/unstable/xdg-output/xdg-output-unstable-v1.xml"], "generated_sources": []}], "extra_files": [], "subproject": null, "dependencies": [], "depends": [], "installed": false}, {"name": "xdg-shell-unstable-v6 client-header", "id": "2ea88c7@@xdg-shell-unstable-v6 client-header@cus", "type": "custom", "defined_in": "/home/user/Attention/Weston-keyboard/protocol/meson.build", "filename": ["/home/user/Attention/Weston-keyboard/builddir/protocol/xdg-shell-unstable-v6-client-protocol.h"], "build_by_default": false, "target_sources": [{"language": "unknown", "compiler": ["/usr/bin/wayland-scanner", "client-header", "@INPUT@", "@OUTPUT@"], "parameters": [], "sources": ["//usr/share/wayland-protocols/unstable/xdg-shell/xdg-shell-unstable-v6.xml"], "generated_sources": []}], "extra_files": [], "subproject": null, "dependencies": [], "depends": [], "installed": false}, {"name": "xdg-shell-unstable-v6 server-header", "id": "2ea88c7@@xdg-shell-unstable-v6 server-header@cus", "type": "custom", "defined_in": "/home/user/Attention/Weston-keyboard/protocol/meson.build", "filename": ["/home/user/Attention/Weston-keyboard/builddir/protocol/xdg-shell-unstable-v6-server-protocol.h"], "build_by_default": false, "target_sources": [{"language": "unknown", "compiler": ["/usr/bin/wayland-scanner", "server-header", "@INPUT@", "@OUTPUT@"], "parameters": [], "sources": ["//usr/share/wayland-protocols/unstable/xdg-shell/xdg-shell-unstable-v6.xml"], "generated_sources": []}], "extra_files": [], "subproject": null, "dependencies": [], "depends": [], "installed": false}, {"name": "xdg-shell-unstable-v6 private-code", "id": "2ea88c7@@xdg-shell-unstable-v6 private-code@cus", "type": "custom", "defined_in": "/home/user/Attention/Weston-keyboard/protocol/meson.build", "filename": ["/home/user/Attention/Weston-keyboard/builddir/protocol/xdg-shell-unstable-v6-protocol.c"], "build_by_default": false, "target_sources": [{"language": "unknown", "compiler": ["/usr/bin/wayland-scanner", "private-code", "@INPUT@", "@OUTPUT@"], "parameters": [], "sources": ["//usr/share/wayland-protocols/unstable/xdg-shell/xdg-shell-unstable-v6.xml"], "generated_sources": []}], "extra_files": [], "subproject": null, "dependencies": [], "depends": [], "installed": false}, {"name": "xdg-shell client-header", "id": "2ea88c7@@xdg-shell client-header@cus", "type": "custom", "defined_in": "/home/user/Attention/Weston-keyboard/protocol/meson.build", "filename": ["/home/user/Attention/Weston-keyboard/builddir/protocol/xdg-shell-client-protocol.h"], "build_by_default": false, "target_sources": [{"language": "unknown", "compiler": ["/usr/bin/wayland-scanner", "client-header", "@INPUT@", "@OUTPUT@"], "parameters": [], "sources": ["//usr/share/wayland-protocols/stable/xdg-shell/xdg-shell.xml"], "generated_sources": []}], "extra_files": [], "subproject": null, "dependencies": [], "depends": [], "installed": false}, {"name": "xdg-shell server-header", "id": "2ea88c7@@xdg-shell server-header@cus", "type": "custom", "defined_in": "/home/user/Attention/Weston-keyboard/protocol/meson.build", "filename": ["/home/user/Attention/Weston-keyboard/builddir/protocol/xdg-shell-server-protocol.h"], "build_by_default": false, "target_sources": [{"language": "unknown", "compiler": ["/usr/bin/wayland-scanner", "server-header", "@INPUT@", "@OUTPUT@"], "parameters": [], "sources": ["//usr/share/wayland-protocols/stable/xdg-shell/xdg-shell.xml"], "generated_sources": []}], "extra_files": [], "subproject": null, "dependencies": [], "depends": [], "installed": false}, {"name": "xdg-shell private-code", "id": "2ea88c7@@xdg-shell private-code@cus", "type": "custom", "defined_in": "/home/user/Attention/Weston-keyboard/protocol/meson.build", "filename": ["/home/user/Attention/Weston-keyboard/builddir/protocol/xdg-shell-protocol.c"], "build_by_default": false, "target_sources": [{"language": "unknown", "compiler": ["/usr/bin/wayland-scanner", "private-code", "@INPUT@", "@OUTPUT@"], "parameters": [], "sources": ["//usr/share/wayland-protocols/stable/xdg-shell/xdg-shell.xml"], "generated_sources": []}], "extra_files": [], "subproject": null, "dependencies": [], "depends": [], "installed": false}, {"name": "shared", "id": "a4d2686@@shared@sta", "type": "static library", "defined_in": "/home/user/Attention/Weston-keyboard/shared/meson.build", "filename": ["/home/user/Attention/Weston-keyboard/builddir/shared/libshared.a"], "build_by_default": true, "target_sources": [{"language": "c", "compiler": ["cc"], "parameters": ["-I/home/user/Attention/Weston-keyboard/builddir/shared/libshared.a.p", "-I/home/user/Attention/Weston-keyboard/builddir/shared", "-I/home/user/Attention/Weston-keyboard/shared", "-I/home/user/Attention/Weston-keyboard/builddir", "-I/home/user/Attention/Weston-keyboard", "-fdiagnostics-color=always", "-D_FILE_OFFSET_BITS=64", "-Wall", "-Winvalid-pch", "-Wextra", "-std=gnu99", "-O0", "-g", "-Wno-unused-parameter", "-Wno-shift-negative-value", "-Wno-missing-field-initializers", "-fvisibility=hidden", "-fPIC"], "sources": ["/home/user/Attention/Weston-keyboard/shared/config-parser.c", "/home/user/Attention/Weston-keyboard/shared/option-parser.c", "/home/user/Attention/Weston-keyboard/shared/file-util.c", "/home/user/Attention/Weston-keyboard/shared/os-compatibility.c", "/home/user/Attention/Weston-keyboard/shared/xalloc.c"], "generated_sources": [], "unity_sources": []}, {"linker": ["gcc-ar"], "parameters": ["csrDT"]}], "extra_files": [], "subproject": null, "dependencies": ["wayland-client"], "depends": [], "installed": false}, {"name": "cairo-shared", "id": "a4d2686@@cairo-shared@sta", "type": "static library", "defined_in": "/home/user/Attention/Weston-keyboard/shared/meson.build", "filename": ["/home/user/Attention/Weston-keyboard/builddir/shared/libcairo-shared.a"], "build_by_default": true, "target_sources": [{"language": "c", "compiler": ["cc"], "parameters": ["-I/home/user/Attention/Weston-keyboard/builddir/shared/libcairo-shared.a.p", "-I/home/user/Attention/Weston-keyboard/builddir/shared", "-I/home/user/Attention/Weston-keyboard/shared", "-I/home/user/Attention/Weston-keyboard/builddir", "-I/home/user/Attention/Weston-keyboard", "-I/usr/include/cairo", "-I/usr/include/libpng16", "-I/usr/include/freetype2", "-I/usr/include/pixman-1", "-I/usr/include/pango-1.0", "-I/usr/include/glib-2.0", "-I/usr/lib/x86_64-linux-gnu/glib-2.0/include", "-I/usr/include/harfbuzz", "-I/usr/include/libmount", "-I/usr/include/blkid", "-I/usr/include/fribidi", "-I/usr/include/webp", "-fdiagnostics-color=always", "-D_FILE_OFFSET_BITS=64", "-Wall", "-Winvalid-pch", "-Wextra", "-std=gnu99", "-O0", "-g", "-Wno-unused-parameter", "-Wno-shift-negative-value", "-Wno-missing-field-initializers", "-fvisibility=hidden", "-fPIC", "-pthread"], "sources": ["/home/user/Attention/Weston-keyboard/shared/image-loader.c", "/home/user/Attention/Weston-keyboard/shared/cairo-util.c", "/home/user/Attention/Weston-keyboard/shared/frame.c"], "generated_sources": [], "unity_sources": []}, {"linker": ["gcc-ar"], "parameters": ["csrDT"]}], "extra_files": [], "subproject": null, "dependencies": ["wayland-client", "cairo", "libpng", "pixman-1", "m", "pango", "pangocairo", "glib-2.0", "libjpeg", "libwebp"], "depends": [], "installed": false}, {"name": "toytoolkit", "id": "8f4d908@@toytoolkit@sta", "type": "static library", "defined_in": "/home/user/Attention/Weston-keyboard/clients/meson.build", "filename": ["/home/user/Attention/Weston-keyboard/builddir/clients/libtoytoolkit.a"], "build_by_default": true, "target_sources": [{"language": "c", "compiler": ["cc"], "parameters": ["-I/home/user/Attention/Weston-keyboard/builddir/clients/libtoytoolkit.a.p", "-I/home/user/Attention/Weston-keyboard/builddir/clients", "-I/home/user/Attention/Weston-keyboard/clients", "-I/home/user/Attention/Weston-keyboard/builddir", "-I/home/user/Attention/Weston-keyboard", "-I/home/user/Attention/Weston-keyboard/builddir/shared", "-I/home/user/Attention/Weston-keyboard/shared", "-I/home/user/Attention/Weston-keyboard/builddir/protocol", "-I/usr/include/cairo", "-I/usr/include/libpng16", "-I/usr/include/freetype2", "-I/usr/include/pixman-1", "-I/usr/include/pango-1.0", "-I/usr/include/glib-2.0", "-I/usr/lib/x86_64-linux-gnu/glib-2.0/include", "-I/usr/include/harfbuzz", "-I/usr/include/libmount", "-I/usr/include/blkid", "-I/usr/include/fribidi", "-I/usr/include/webp", "-fdiagnostics-color=always", "-D_FILE_OFFSET_BITS=64", "-Wall", "-Winvalid-pch", "-Wextra", "-std=gnu99", "-O0", "-g", "-Wno-unused-parameter", "-Wno-shift-negative-value", "-Wno-missing-field-initializers", "-fvisibility=hidden", "-fPIC", "-pthread"], "sources": ["/home/user/Attention/Weston-keyboard/clients/window.c"], "generated_sources": ["/home/user/Attention/Weston-keyboard/builddir/protocol/xdg-shell-protocol.c", "/home/user/Attention/Weston-keyboard/builddir/protocol/text-cursor-position-protocol.c", "/home/user/Attention/Weston-keyboard/builddir/protocol/relative-pointer-unstable-v1-protocol.c", "/home/user/Attention/Weston-keyboard/builddir/protocol/pointer-constraints-unstable-v1-protocol.c", "/home/user/Attention/Weston-keyboard/builddir/protocol/ivi-application-protocol.c"], "unity_sources": []}, {"linker": ["gcc-ar"], "parameters": ["csrDT"]}], "extra_files": [], "subproject": null, "dependencies": ["wayland-client", "cairo", "libpng", "pixman-1", "m", "pango", "pangocairo", "glib-2.0", "libjpeg", "libwebp", "xkbcommon", "wayland-cursor", "util"], "depends": [], "installed": false}, {"name": "weston-keyboard", "id": "8f4d908@@weston-keyboard@exe", "type": "executable", "defined_in": "/home/user/Attention/Weston-keyboard/clients/meson.build", "filename": ["/home/user/Attention/Weston-keyboard/builddir/clients/weston-keyboard"], "build_by_default": true, "target_sources": [{"language": "c", "compiler": ["cc"], "parameters": ["-I/home/user/Attention/Weston-keyboard/builddir/clients/weston-keyboard.p", "-I/home/user/Attention/Weston-keyboard/builddir/clients", "-I/home/user/Attention/Weston-keyboard/clients", "-I/home/user/Attention/Weston-keyboard/builddir", "-I/home/user/Attention/Weston-keyboard", "-I/home/user/Attention/Weston-keyboard/builddir/protocol", "-I/usr/include/cairo", "-I/usr/include/libpng16", "-I/usr/include/freetype2", "-I/usr/include/pixman-1", "-I/usr/include/pango-1.0", "-I/usr/include/glib-2.0", "-I/usr/lib/x86_64-linux-gnu/glib-2.0/include", "-I/usr/include/harfbuzz", "-I/usr/include/libmount", "-I/usr/include/blkid", "-I/usr/include/fribidi", "-I/usr/include/webp", "-fdiagnostics-color=always", "-D_FILE_OFFSET_BITS=64", "-Wall", "-Winvalid-pch", "-Wextra", "-std=gnu99", "-O0", "-g", "-Wno-unused-parameter", "-Wno-shift-negative-value", "-Wno-missing-field-initializers", "-fvisibility=hidden", "-pthread"], "sources": ["/home/user/Attention/Weston-keyboard/clients/keyboard.c"], "generated_sources": ["/home/user/Attention/Weston-keyboard/builddir/protocol/input-method-unstable-v2-protocol.c", "/home/user/Attention/Weston-keyboard/builddir/protocol/text-input-unstable-v3-protocol.c", "/home/user/Attention/Weston-keyboard/builddir/protocol/virtual-keyboard-unstable-v1-protocol.c", "/home/user/Attention/Weston-keyboard/builddir/protocol/weston-input-panel-protocol.c"], "unity_sources": []}, {"linker": ["cc"], "parameters": ["-Wl,--as-needed", "-Wl,--allow-shlib-undefined", "-Wl,--start-group", "-Wl,--start-group", "clients/libtoytoolkit.a", "shared/libcairo-shared.a", "shared/libshared.a", "/usr/lib/x86_64-linux-gnu/libwayland-client.so", "/usr/lib/x86_64-linux-gnu/libcairo.so", "/usr/lib/x86_64-linux-gnu/libpng16.so", "/usr/lib/x86_64-linux-gnu/libpixman-1.so", "-lm", "/usr/lib/x86_64-linux-gnu/libpango-1.0.so", "/usr/lib/x86_64-linux-gnu/libgobject-2.0.so", "/usr/lib/x86_64-linux-gnu/libglib-2.0.so", "/usr/lib/x86_64-linux-gnu/libharfbuzz.so", "/usr/lib/x86_64-linux-gnu/libpangocairo-1.0.so", "/usr/lib/x86_64-linux-gnu/libjpeg.so", "/usr/lib/x86_64-linux-gnu/libwebp.so", "/usr/lib/x86_64-linux-gnu/libxkbcommon.so", "/usr/lib/x86_64-linux-gnu/libwayland-cursor.so", "-lutil", "-lutil", "-Wl,--end-group", "-Wl,--end-group"]}], "extra_files": [], "subproject": null, "dependencies": ["wayland-client", "cairo", "libpng", "pixman-1", "m", "pango", "pangocairo", "glib-2.0", "libjpeg", "libwebp", "xkbcommon", "wayland-cursor", "util"], "depends": [], "win_subsystem": "console", "installed": true, "install_filename": ["/usr/local/libexec/weston-keyboard"]}]