[{"name": "build.cmake_prefix_path", "value": [], "section": "core", "machine": "any", "type": "array", "description": "List of additional prefixes for cmake to search"}, {"name": "build.pkg_config_path", "value": [], "section": "core", "machine": "any", "type": "array", "description": "List of additional paths for pkg-config to search"}, {"name": "auto_features", "value": "auto", "section": "core", "machine": "any", "choices": ["enabled", "disabled", "auto"], "type": "combo", "description": "Override value of all 'auto' features"}, {"name": "backend", "value": "ninja", "section": "core", "machine": "any", "choices": ["ninja", "vs", "vs2010", "vs2012", "vs2013", "vs2015", "vs2017", "vs2019", "vs2022", "xcode", "none"], "type": "combo", "description": "Backend to use"}, {"name": "buildtype", "value": "debug", "section": "core", "machine": "any", "choices": ["plain", "debug", "debugoptimized", "release", "minsize", "custom"], "type": "combo", "description": "Build type to use"}, {"name": "cmake_prefix_path", "value": [], "section": "core", "machine": "any", "type": "array", "description": "List of additional prefixes for cmake to search"}, {"name": "debug", "value": true, "section": "core", "machine": "any", "type": "boolean", "description": "Enable debug symbols and other information"}, {"name": "default_library", "value": "shared", "section": "core", "machine": "any", "choices": ["shared", "static", "both"], "type": "combo", "description": "Default library type"}, {"name": "force_fallback_for", "value": [], "section": "core", "machine": "any", "type": "array", "description": "Force fallback for those subprojects"}, {"name": "genvslite", "value": "vs2022", "section": "core", "machine": "any", "choices": ["vs2022"], "type": "combo", "description": "Setup multiple buildtype-suffixed ninja-backend build directories, and a [builddir]_vs containing a Visual Studio meta-backend with multiple configurations that calls into them"}, {"name": "install_umask", "value": 18, "section": "core", "machine": "any", "type": "integer", "description": "Default umask to apply on permissions of installed files"}, {"name": "layout", "value": "mirror", "section": "core", "machine": "any", "choices": ["mirror", "flat"], "type": "combo", "description": "Build directory layout"}, {"name": "optimization", "value": "0", "section": "core", "machine": "any", "choices": ["plain", "0", "g", "1", "2", "3", "s"], "type": "combo", "description": "Optimization level"}, {"name": "pkg_config_path", "value": [], "section": "core", "machine": "any", "type": "array", "description": "List of additional paths for pkg-config to search"}, {"name": "prefer_static", "value": false, "section": "core", "machine": "any", "type": "boolean", "description": "Whether to try static linking before shared linking"}, {"name": "strip", "value": false, "section": "core", "machine": "any", "type": "boolean", "description": "Strip targets on install"}, {"name": "unity", "value": "off", "section": "core", "machine": "any", "choices": ["on", "off", "subprojects"], "type": "combo", "description": "Unity build"}, {"name": "unity_size", "value": 4, "section": "core", "machine": "any", "type": "integer", "description": "Unity block size"}, {"name": "vsenv", "value": false, "section": "core", "machine": "any", "type": "boolean", "description": "Activate Visual Studio environment"}, {"name": "warning_level", "value": "2", "section": "core", "machine": "any", "choices": ["0", "1", "2", "3", "everything"], "type": "combo", "description": "Compiler warning level to use"}, {"name": "werror", "value": false, "section": "core", "machine": "any", "type": "boolean", "description": "Treat warnings as errors"}, {"name": "wrap_mode", "value": "default", "section": "core", "machine": "any", "choices": ["default", "nofallback", "nodownload", "forcefallback", "nopromote"], "type": "combo", "description": "Wrap mode"}, {"name": "pkgconfig.relocatable", "value": false, "section": "core", "machine": "any", "type": "boolean", "description": "Generate pkgconfig files as relocatable"}, {"name": "python.allow_limited_api", "value": true, "section": "core", "machine": "any", "type": "boolean", "description": "Whether to allow use of the Python Limited API"}, {"name": "python.bytecompile", "value": 0, "section": "core", "machine": "any", "type": "integer", "description": "Whether to compile bytecode"}, {"name": "python.install_env", "value": "prefix", "section": "core", "machine": "any", "choices": ["auto", "prefix", "system", "venv"], "type": "combo", "description": "Which python environment to install to"}, {"name": "python.platlibdir", "value": "", "section": "core", "machine": "any", "type": "string", "description": "Directory for site-specific, platform-specific files."}, {"name": "python.purelibdir", "value": "", "section": "core", "machine": "any", "type": "string", "description": "Directory for site-specific, non-platform-specific files."}, {"name": "backend_max_links", "value": 0, "section": "backend", "machine": "any", "type": "integer", "description": "Maximum number of linker processes to run or 0 for no limit"}, {"name": "b_asneeded", "value": true, "section": "base", "machine": "any", "type": "boolean", "description": "Use -Wl,--as-needed when linking"}, {"name": "b_colorout", "value": "always", "section": "base", "machine": "any", "choices": ["auto", "always", "never"], "type": "combo", "description": "Use colored output"}, {"name": "b_coverage", "value": false, "section": "base", "machine": "any", "type": "boolean", "description": "Enable coverage tracking."}, {"name": "b_lto", "value": false, "section": "base", "machine": "any", "type": "boolean", "description": "Use link time optimization"}, {"name": "b_lto_threads", "value": 0, "section": "base", "machine": "any", "type": "integer", "description": "Use multiple threads for Link Time Optimization"}, {"name": "b_lundef", "value": false, "section": "base", "machine": "any", "type": "boolean", "description": "Use -Wl,--no-undefined when linking"}, {"name": "b_ndebug", "value": "false", "section": "base", "machine": "any", "choices": ["true", "false", "if-release"], "type": "combo", "description": "Disable asserts"}, {"name": "b_pch", "value": true, "section": "base", "machine": "any", "type": "boolean", "description": "Use precompiled headers"}, {"name": "b_pgo", "value": "off", "section": "base", "machine": "any", "choices": ["off", "generate", "use"], "type": "combo", "description": "Use profile guided optimization"}, {"name": "b_pie", "value": false, "section": "base", "machine": "any", "type": "boolean", "description": "Build executables as position independent"}, {"name": "b_sanitize", "value": "none", "section": "base", "machine": "any", "choices": ["none", "address", "thread", "undefined", "memory", "leak", "address,undefined"], "type": "combo", "description": "Code sanitizer to use"}, {"name": "b_staticpic", "value": true, "section": "base", "machine": "any", "type": "boolean", "description": "Build static libraries as position independent"}, {"name": "build.c_args", "value": [], "section": "compiler", "machine": "build", "type": "array", "description": "Extra arguments passed to the c compiler"}, {"name": "build.c_link_args", "value": [], "section": "compiler", "machine": "build", "type": "array", "description": "Extra arguments passed to the c linker"}, {"name": "build.c_std", "value": "gnu99", "section": "compiler", "machine": "build", "choices": ["none", "c89", "c99", "c11", "c17", "c18", "c2x", "gnu89", "gnu99", "gnu11", "gnu17", "gnu18", "gnu2x"], "type": "combo", "description": "C language standard to use"}, {"name": "c_args", "value": [], "section": "compiler", "machine": "host", "type": "array", "description": "Extra arguments passed to the c compiler"}, {"name": "c_link_args", "value": [], "section": "compiler", "machine": "host", "type": "array", "description": "Extra arguments passed to the c linker"}, {"name": "c_std", "value": "gnu99", "section": "compiler", "machine": "host", "choices": ["none", "c89", "c99", "c11", "c17", "c18", "c2x", "gnu89", "gnu99", "gnu11", "gnu17", "gnu18", "gnu2x"], "type": "combo", "description": "C language standard to use"}, {"name": "bindir", "value": "bin", "section": "directory", "machine": "any", "type": "string", "description": "Executable directory"}, {"name": "datadir", "value": "share", "section": "directory", "machine": "any", "type": "string", "description": "Data file directory"}, {"name": "includedir", "value": "include", "section": "directory", "machine": "any", "type": "string", "description": "Header file directory"}, {"name": "infodir", "value": "share/info", "section": "directory", "machine": "any", "type": "string", "description": "Info page directory"}, {"name": "libdir", "value": "lib/x86_64-linux-gnu", "section": "directory", "machine": "any", "type": "string", "description": "Library directory"}, {"name": "libexecdir", "value": "libexec", "section": "directory", "machine": "any", "type": "string", "description": "Library executable directory"}, {"name": "licensedir", "value": "", "section": "directory", "machine": "any", "type": "string", "description": "Licenses directory"}, {"name": "localedir", "value": "share/locale", "section": "directory", "machine": "any", "type": "string", "description": "Locale data directory"}, {"name": "localstatedir", "value": "/var/local", "section": "directory", "machine": "any", "type": "string", "description": "Localstate data directory"}, {"name": "mandir", "value": "share/man", "section": "directory", "machine": "any", "type": "string", "description": "Manual page directory"}, {"name": "prefix", "value": "/usr/local", "section": "directory", "machine": "any", "type": "string", "description": "Installation prefix"}, {"name": "sbindir", "value": "sbin", "section": "directory", "machine": "any", "type": "string", "description": "System executable directory"}, {"name": "sharedstatedir", "value": "/var/local/lib", "section": "directory", "machine": "any", "type": "string", "description": "Architecture-independent data directory"}, {"name": "sysconfdir", "value": "etc", "section": "directory", "machine": "any", "type": "string", "description": "Sysconf data directory"}, {"name": "backend-default", "value": "drm", "section": "user", "machine": "any", "choices": ["auto", "drm", "wayland", "x11", "fbdev", "headless"], "type": "combo", "description": "Default backend when no parent display server detected"}, {"name": "backend-drm", "value": true, "section": "user", "machine": "any", "type": "boolean", "description": "Weston backend: DRM/KMS"}, {"name": "backend-drm-screencast-vaapi", "value": true, "section": "user", "machine": "any", "type": "boolean", "description": "DRM/KMS backend support for VA-API screencasting"}, {"name": "backend-fbdev", "value": true, "section": "user", "machine": "any", "type": "boolean", "description": "Weston backend: fbdev"}, {"name": "backend-headless", "value": true, "section": "user", "machine": "any", "type": "boolean", "description": "Weston backend: headless (testing)"}, {"name": "backend-rdp", "value": true, "section": "user", "machine": "any", "type": "boolean", "description": "Weston backend: RDP remote screensharing"}, {"name": "backend-wayland", "value": true, "section": "user", "machine": "any", "type": "boolean", "description": "Weston backend: Wayland (nested)"}, {"name": "backend-x11", "value": true, "section": "user", "machine": "any", "type": "boolean", "description": "Weston backend: X11 (nested)"}, {"name": "color-management-colord", "value": true, "section": "user", "machine": "any", "type": "boolean", "description": "Compositor color management: colord (requires lcms)"}, {"name": "color-management-lcms", "value": true, "section": "user", "machine": "any", "type": "boolean", "description": "Compositor color management: lcms"}, {"name": "demo-clients", "value": true, "section": "user", "machine": "any", "type": "boolean", "description": "Sample clients: toytoolkit demo programs"}, {"name": "desktop-shell-client-default", "value": "weston-desktop-shell", "section": "user", "machine": "any", "type": "string", "description": "Weston desktop shell: default helper client selection"}, {"name": "image-jpeg", "value": true, "section": "user", "machine": "any", "type": "boolean", "description": "JPEG loading support"}, {"name": "image-webp", "value": true, "section": "user", "machine": "any", "type": "boolean", "description": "WebP loading support"}, {"name": "launcher-logind", "value": true, "section": "user", "machine": "any", "type": "boolean", "description": "Compositor: support systemd-logind D-Bus protocol"}, {"name": "remoting", "value": true, "section": "user", "machine": "any", "type": "boolean", "description": "Virtual remote output with GStreamer on DRM backend"}, {"name": "renderer-gl", "value": true, "section": "user", "machine": "any", "type": "boolean", "description": "Weston renderer: EGL / OpenGL ES 2.x"}, {"name": "resize-pool", "value": true, "section": "user", "machine": "any", "type": "boolean", "description": "Sample clients: optimize window resize performance"}, {"name": "screenshare", "value": true, "section": "user", "machine": "any", "type": "boolean", "description": "Compositor: RDP screen-sharing support"}, {"name": "shell-desktop", "value": true, "section": "user", "machine": "any", "type": "boolean", "description": "Weston shell UI: traditional desktop"}, {"name": "shell-fullscreen", "value": true, "section": "user", "machine": "any", "type": "boolean", "description": "Weston shell UI: fullscreen/kiosk"}, {"name": "shell-ivi", "value": true, "section": "user", "machine": "any", "type": "boolean", "description": "Weston shell UI: IVI (automotive)"}, {"name": "simple-clients", "value": ["all"], "section": "user", "machine": "any", "choices": ["all", "damage", "im", "egl", "shm", "touch", "dmabuf-v4l", "dmabuf-egl"], "type": "array", "description": "Sample clients: simple test programs"}, {"name": "simple-dmabuf-drm", "value": ["intel", "freedreno", "etnaviv"], "section": "user", "machine": "any", "choices": ["auto", "intel", "freedreno", "etnaviv"], "type": "array", "description": "List of DRM drivers to be supported by weston-simple-dmabuf-drm"}, {"name": "systemd", "value": true, "section": "user", "machine": "any", "type": "boolean", "description": "systemd service plugin: state notify, watchdog, socket activation"}, {"name": "test-junit-xml", "value": true, "section": "user", "machine": "any", "type": "boolean", "description": "Tests: output JUnit XML results"}, {"name": "tools", "value": ["calibrator", "debug", "info", "terminal", "touch-calibrator"], "section": "user", "machine": "any", "choices": ["calibrator", "debug", "info", "terminal", "touch-calibrator"], "type": "array", "description": "List of accessory clients to build and install"}, {"name": "wcap-decode", "value": true, "section": "user", "machine": "any", "type": "boolean", "description": "Tools: screen recording decoder tool"}, {"name": "weston-launch", "value": true, "section": "user", "machine": "any", "type": "boolean", "description": "Weston launcher for systems without logind"}, {"name": "xwayland", "value": true, "section": "user", "machine": "any", "type": "boolean", "description": "Xwayland: support for X11 clients inside Weston"}, {"name": "xwayland-path", "value": "/usr/bin/Xwayland", "section": "user", "machine": "any", "type": "string", "description": "Xwayland: path to installed Xwayland binary"}, {"name": "errorlogs", "value": true, "section": "test", "machine": "any", "type": "boolean", "description": "Whether to print the logs from failing tests"}, {"name": "stdsplit", "value": true, "section": "test", "machine": "any", "type": "boolean", "description": "Split stdout and stderr in test logs"}]