{"targets": {"/home/user/Attention/Weston-keyboard/builddir/clients/weston-keyboard": {"destination": "{libexecdir}/weston-keyboard", "tag": "runtime", "subproject": null}}, "data": {"/home/user/Attention/Weston-keyboard/protocol/weston-debug.xml": {"destination": "{prefix}/share/weston/protocols/weston-debug.xml", "tag": null, "subproject": null}}, "headers": {"/home/user/Attention/Weston-keyboard/builddir/version.h": {"destination": "{includedir}/libweston-6/version.h", "tag": "devel", "subproject": null}}}