<?xml version="1.0" encoding="UTF-8"?>
<protocol name="weston_input_panel">

  <copyright>
    Copyright © 2012, 2013 Intel Corporation

    Permission is hereby granted, free of charge, to any person obtaining a
    copy of this software and associated documentation files (the "Software"),
    to deal in the Software without restriction, including without limitation
    the rights to use, copy, modify, merge, publish, distribute, sublicense,
    and/or sell copies of the Software, and to permit persons to whom the
    Software is furnished to do so, subject to the following conditions:

    The above copyright notice and this permission notice (including the next
    paragraph) shall be included in all copies or substantial portions of the
    Software.

    THE SOFTWARE IS PROVIDED "AS IS", WITHOUT WARRANTY OF ANY KIND, EXPRESS OR
    IMPLIED, INCLUDING BUT NOT LIMITED TO THE WARRANTIES OF MERCHANTABILITY,
    FITNESS FOR A PARTICULAR PURPOSE AND NONINFRINGEMENT.  IN NO EVENT SHALL
    THE AUTHORS OR COPYRIGHT HOLDERS BE LIABLE FOR ANY CLAIM, DAMAGES OR OTHER
    LIABILITY, WHETHER IN AN ACTION OF CONTRACT, TORT OR OTHERWISE, ARISING
    FROM, OUT OF OR IN CONNECTION WITH THE SOFTWARE OR THE USE OR OTHER
    DEALINGS IN THE SOFTWARE.
  </copyright>

  <interface name="weston_input_panel" version="1">
    <description summary="interface for implementing keyboards">
      Only one client can bind this interface at a time.
    </description>

    <request name="get_input_panel_surface">
      <arg name="id" type="new_id" interface="weston_input_panel_surface"/>
      <arg name="surface" type="object" interface="wl_surface"/>
    </request>
  </interface>

  <interface name="weston_input_panel_surface" version="1">
    <enum name="position">
      <entry name="center_bottom" value="0"/>
    </enum>

    <request name="set_toplevel">
      <description summary="set the surface type as a keyboard">
	Set the input_panel_surface type to keyboard.

	A keyboard surface is only shown when a text input is active.
      </description>
      <arg name="output" type="object" interface="wl_output"/>
      <arg name="position" type="uint"/>
    </request>

    <request name="set_overlay_panel">
      <description summary="set the surface type as an overlay panel">
	Set the input_panel_surface to be an overlay panel.

	This is shown near the input cursor above the application window when
	a text input is active.
      </description>
    </request>
  </interface>

</protocol>
